{"cameraMode":{"drawMode":0,"name":"Shaded","section":"Shading Mode"},"sceneLighting":false,"audioPlay":false,"sceneViewState":{"showFog":true,"showMaterialUpdate":false,"showSkybox":true,"showFlares":true,"showImageEffects":true,"showParticleSystems":true},"in2DMode":false,"pivot":{"x":0.1289999932050705,"y":3.4619998931884767,"z":-8.862000465393067},"rotation":{"x":-0.2515568435192108,"y":0.013158784247934819,"z":-0.0034206092823296787,"w":-0.9677470326423645},"size":0.5504962801933289,"orthographic":false}